experiment_id,round,global_accuracy,global_loss,mean_train_loss,mean_drift,max_drift,client_0_local_on_test_accuracy,client_0_local_on_test_loss,client_1_local_on_test_accuracy,client_1_local_on_test_loss,client_2_local_on_test_accuracy,client_2_local_on_test_loss,client_0_drift_diagnostic,client_1_drift_diagnostic,client_2_drift_diagnostic,alpha,mu,seed,strategy,straggler_fraction
alpha0.3_mu0.0_seed42_fedavg_straggler0.0,1,0.34951456310679613,2.3213625741236417,0.5137330616688282,1300.5655797139088,1354.8337287552595,0.3106796116504854,2.882259614259294,0.36893203883495146,2.733989405400545,0.3300970873786408,2.817950734814394,0.4583333333333333,0.5685279187817259,0.4583333333333333,0.3,0.0,42,fedavg,0.0
alpha0.3_mu0.0_seed42_fedavg_straggler0.0,2,0.3786407766990291,2.1942871010419234,0.32613640109017217,402.5061442115168,564.092615177881,0.3786407766990291,2.548868549680247,0.4174757281553398,2.7525808047322395,0.39805825242718446,2.333063945029546,0.4895833333333333,0.7969543147208121,0.5916666666666667,0.3,0.0,42,fedavg,0.0
alpha0.3_mu0.0_seed42_fedavg_straggler0.0,3,0.42718446601941745,1.9886141494639868,0.24747490343179193,407.2670569309048,568.4994955249063,0.3592233009708738,3.313651226099255,0.4174757281553398,2.622555910962299,0.4563106796116505,2.2796177239093964,0.6354166666666666,0.8730964467005076,0.7,0.3,0.0,42,fedavg,0.0
alpha0.3_mu0.0_seed42_fedavg_straggler0.0,4,0.4077669902912621,2.07371942742357,0.2099236391755257,404.51482877856705,556.4708799321039,0.4174757281553398,2.7860394959310884,0.3883495145631068,2.6155940791935595,0.5048543689320388,2.1505153109726396,0.65625,0.9289340101522843,0.7583333333333333,0.3,0.0,42,fedavg,0.0
alpha0.3_mu0.0_seed42_fedavg_straggler0.0,5,0.4563106796116505,2.1116330785658755,0.1770937125436495,410.90430169282513,568.2571155900065,0.3786407766990291,2.7210534730003877,0.4077669902912621,2.9967832565307617,0.5048543689320388,2.1173957158060905,0.53125,0.9593908629441624,0.7916666666666666,0.3,0.0,42,fedavg,0.0
alpha0.3_mu0.0_seed42_fedavg_straggler0.0,6,0.46601941747572817,2.1835773662456033,0.0924648730552325,415.65959192645784,571.9315327000097,0.4368932038834951,2.879583113401839,0.4174757281553398,3.201091183042063,0.4368932038834951,2.4698315268581355,0.5833333333333334,0.9593908629441624,0.8333333333333334,0.3,0.0,42,fedavg,0.0
alpha0.3_mu0.0_seed42_fedavg_straggler0.0,7,0.47572815533980584,2.005720300581849,0.08356158345714748,413.98580114728094,555.0973831626293,0.42718446601941745,2.9030308677154837,0.4854368932038835,2.7888892136731194,0.4174757281553398,2.3634413168268296,0.5833333333333334,0.9593908629441624,0.825,0.3,0.0,42,fedavg,0.0
alpha0.3_mu0.0_seed42_fedavg_straggler0.0,8,0.5145631067961165,2.2095862314539048,0.08628342573135567,410.4935076244633,571.1388933555022,0.4077669902912621,3.294095192140746,0.44660194174757284,3.236053656605841,0.42718446601941745,2.329996935372214,0.5729166666666666,0.9898477157360406,0.7916666666666666,0.3,0.0,42,fedavg,0.0
alpha0.3_mu0.0_seed42_fedavg_straggler0.0,9,0.49514563106796117,2.0219060078407955,0.07095835694830599,417.29388712142554,556.7084641253169,0.4174757281553398,3.7245145260709003,0.46601941747572817,2.8944610438300566,0.42718446601941745,2.7687646578816536,0.71875,0.9746192893401016,0.9083333333333333,0.3,0.0,42,fedavg,0.0
alpha0.3_mu0.0_seed42_fedavg_straggler0.0,10,0.44660194174757284,2.0717271369637795,0.068790770506714,419.4516856218867,571.3965833555976,0.4174757281553398,2.9170235198678323,0.49514563106796117,2.920939019582804,0.36893203883495146,2.533109611677892,0.7291666666666666,0.9796954314720813,0.875,0.3,0.0,42,fedavg,0.0
alpha0.1_mu0.0_seed42_fedavg_straggler0.0,1,0.34951456310679613,2.3717050043124597,0.8263384968919683,1104.7635930168155,1408.6018423124704,0.3300970873786408,3.0718125880343243,0.39805825242718446,3.1696472954981534,0.20388349514563106,3.363653328812238,0.3924050632911392,0.5860655737704918,0.6363636363636364,0.1,0.0,42,fedavg,0.0
alpha0.1_mu0.0_seed42_fedavg_straggler0.0,2,0.33980582524271846,2.1335783444562004,0.45452978879730477,438.654165878291,698.1677342312818,0.3592233009708738,3.2108652568557887,0.3883495145631068,2.7650363885083244,0.33980582524271846,2.3057333983263923,0.41139240506329117,0.7991803278688525,0.36363636363636365,0.1,0.0,42,fedavg,0.0
alpha0.1_mu0.0_seed42_fedavg_straggler0.0,3,0.3883495145631068,2.2055854195529974,0.3644524994118979,425.26394877466527,686.4861242312958,0.36893203883495146,2.833483455250564,0.4077669902912621,2.970851372746588,0.39805825242718446,2.2025602303662346,0.4620253164556962,0.9344262295081968,0.45454545454545453,0.1,0.0,42,fedavg,0.0
alpha0.1_mu0.0_seed42_fedavg_straggler0.0,4,0.3786407766990291,2.11826304787571,0.1543646949162468,442.7488858865254,682.4250084590782,0.3106796116504854,3.4668619748458123,0.3786407766990291,3.182677884703701,0.39805825242718446,2.1553930495549176,0.4936708860759494,0.9016393442622951,0.6363636363636364,0.1,0.0,42,fedavg,0.0
alpha0.1_mu0.0_seed42_fedavg_straggler0.0,5,0.36893203883495146,2.3529214882156224,0.2471094802523799,440.03065052357823,687.6985725973643,0.3300970873786408,3.904575259940138,0.4174757281553398,3.370687213916223,0.4077669902912621,2.213445580121383,0.47468354430379744,0.9631147540983607,0.6363636363636364,0.1,0.0,42,fedavg,0.0
alpha0.1_mu0.0_seed42_fedavg_straggler0.0,6,0.42718446601941745,2.0774905889937023,0.21135958470189217,429.70303792440274,683.8242736471335,0.2621359223300971,3.562842688514191,0.47572815533980584,3.000156855120242,0.4077669902912621,2.179368456590523,0.6075949367088608,0.9344262295081968,0.6363636363636364,0.1,0.0,42,fedavg,0.0
alpha0.1_mu0.0_seed42_fedavg_straggler0.0,7,0.4077669902912621,2.344824103475774,0.11299420609782873,439.73834605013167,694.8463347424394,0.32038834951456313,2.9502439498901367,0.4368932038834951,3.5530320625860714,0.42718446601941745,1.937988313656409,0.569620253164557,0.9877049180327869,0.5454545454545454,0.1,0.0,42,fedavg,0.0
alpha0.1_mu0.0_seed42_fedavg_straggler0.0,8,0.4368932038834951,2.3322223112421128,0.09493176841549751,431.706244187556,687.3335043343917,0.36893203883495146,3.0038747880065326,0.46601941747572817,4.15208614451214,0.44660194174757284,2.0497785586755253,0.5632911392405063,0.9631147540983607,0.6363636363636364,0.1,0.0,42,fedavg,0.0
alpha0.1_mu0.0_seed42_fedavg_straggler0.0,9,0.4368932038834951,2.222047696993189,0.08212841471701071,441.4296001092268,697.9401737344893,0.32038834951456313,3.850565618681676,0.44660194174757284,3.4373797120399847,0.4854368932038835,1.8263080606182802,0.6835443037974683,0.9590163934426229,0.6363636363636364,0.1,0.0,42,fedavg,0.0
alpha0.1_mu0.0_seed42_fedavg_straggler0.0,10,0.4563106796116505,2.1834032905911935,0.04694373019741085,452.27352167415415,710.9862628550471,0.30097087378640774,3.988598184678161,0.49514563106796117,3.5121210709358883,0.42718446601941745,2.0404723778511715,0.6518987341772152,0.9795081967213115,0.6363636363636364,0.1,0.0,42,fedavg,0.0
alpha0.1_mu0.1_seed42_fedprox_straggler0.0,1,0.34951456310679613,2.3689338952592274,0.831981371287697,1104.8515675755027,1408.9031641094855,0.3300970873786408,3.0574236564265873,0.4077669902912621,3.1400949052236613,0.20388349514563106,3.36366207391313,0.3924050632911392,0.5778688524590164,0.6363636363636364,0.1,0.1,42,fedprox,0.0
alpha0.1_mu0.1_seed42_fedprox_straggler0.0,2,0.33980582524271846,2.122842978505255,0.4608744545903137,438.3989483521425,697.575671779967,0.36893203883495146,3.183080038978058,0.3883495145631068,2.7343320406756355,0.33980582524271846,2.299312290636081,0.41139240506329117,0.7991803278688525,0.36363636363636365,0.1,0.1,42,fedprox,0.0
alpha0.1_mu0.1_seed42_fedprox_straggler0.0,3,0.3883495145631068,2.1987756270806766,0.3615681214439013,424.30350138741073,684.7467247553305,0.36893203883495146,2.8088672739788167,0.4077669902912621,2.935443792528319,0.3786407766990291,2.1848561231372425,0.45569620253164556,0.9221311475409836,0.45454545454545453,0.1,0.1,42,fedprox,0.0
alpha0.1_mu0.1_seed42_fedprox_straggler0.0,4,0.3786407766990291,2.1015836822176444,0.1584680079819015,440.47239620051914,680.6077140932179,0.3106796116504854,3.380034562453483,0.36893203883495146,3.061029607809863,0.39805825242718446,2.1455364458769273,0.5189873417721519,0.8811475409836066,0.6363636363636364,0.1,0.1,42,fedprox,0.0
alpha0.1_mu0.1_seed42_fedprox_straggler0.0,5,0.3786407766990291,2.305858975475274,0.24533713705746832,439.01762085086904,685.6775092363861,0.3300970873786408,3.799317475661491,0.42718446601941745,3.2115515759847697,0.4077669902912621,2.2026337743962854,0.5126582278481012,0.9549180327868853,0.6363636363636364,0.1,0.1,42,fedprox,0.0
alpha0.1_mu0.1_seed42_fedprox_straggler0.0,6,0.42718446601941745,2.0255774363730716,0.1912147841940668,425.95960516486394,680.4034488452696,0.2815533980582524,3.428783939880075,0.46601941747572817,2.8603108403752153,0.4077669902912621,2.1478779501127967,0.6518987341772152,0.9385245901639344,0.7272727272727273,0.1,0.1,42,fedprox,0.0
alpha0.1_mu0.1_seed42_fedprox_straggler0.0,7,0.3883495145631068,2.3050869738013997,0.11608227109877627,436.0189694394989,685.6039868643212,0.32038834951456313,2.884321564609565,0.4174757281553398,3.3515251793907685,0.42718446601941745,1.9041086076532754,0.6012658227848101,0.9795081967213115,0.6363636363636364,0.1,0.1,42,fedprox,0.0
alpha0.1_mu0.1_seed42_fedprox_straggler0.0,8,0.46601941747572817,2.261674031470586,0.09112456342037617,429.41325090509093,686.4157687581146,0.3592233009708738,2.97933615064158,0.47572815533980584,3.888582729598851,0.42718446601941745,2.0405547711455707,0.5569620253164557,0.9631147540983607,0.7272727272727273,0.1,0.1,42,fedprox,0.0
alpha0.1_mu0.1_seed42_fedprox_straggler0.0,9,0.4077669902912621,2.1177930415255353,0.07906270763461952,438.12505436211126,693.0069529550673,0.32038834951456313,3.7116915276907023,0.44660194174757284,3.0842660260431973,0.49514563106796117,1.8266334973492668,0.6962025316455697,0.9590163934426229,0.6363636363636364,0.1,0.1,42,fedprox,0.0
alpha0.1_mu0.1_seed42_fedprox_straggler0.0,10,0.44660194174757284,2.08397731734711,0.046080802879296716,446.5334241803753,694.6628889132882,0.2815533980582524,3.745324852397141,0.46601941747572817,3.2113101551833663,0.42718446601941745,2.076506127431555,0.7025316455696202,0.9754098360655737,0.7272727272727273,0.1,0.1,42,fedprox,0.0
alpha0.1_mu1.0_seed42_fedprox_straggler0.0,1,0.34951456310679613,2.376274252400815,0.8816933396773147,1104.9360126606173,1409.6050409255806,0.34951456310679613,2.969851151253413,0.4077669902912621,2.9410144472585142,0.20388349514563106,3.3659674125967673,0.4177215189873418,0.5286885245901639,0.6363636363636364,0.1,1.0,42,fedprox,0.0
alpha0.1_mu1.0_seed42_fedprox_straggler0.0,2,0.34951456310679613,2.1025356042732315,0.5273945617501177,435.3187337802107,693.1116745147525,0.3592233009708738,2.9711077838268096,0.42718446601941745,2.510221590116186,0.3300970873786408,2.28828950530117,0.4873417721518987,0.7459016393442623,0.2727272727272727,0.1,1.0,42,fedprox,0.0
alpha0.1_mu1.0_seed42_fedprox_straggler0.0,3,0.36893203883495146,2.205407878727589,0.3539188739873353,417.5048873353306,674.7162284168924,0.34951456310679613,2.6675320180874427,0.4077669902912621,2.779204380165026,0.3883495145631068,2.15562553313172,0.4873417721518987,0.8524590163934426,0.45454545454545453,0.1,1.0,42,fedprox,0.0
alpha0.1_mu1.0_seed42_fedprox_straggler0.0,4,0.4077669902912621,2.066318150862907,0.22192408142700717,428.7021683589812,675.0514410456321,0.3300970873786408,2.799422444649113,0.3592233009708738,2.617283795643779,0.4077669902912621,2.101615502996352,0.5759493670886076,0.8401639344262295,0.6363636363636364,0.1,1.0,42,fedprox,0.0
alpha0.1_mu1.0_seed42_fedprox_straggler0.0,5,0.36893203883495146,2.1454614134668146,0.25509051399749194,427.8262264685479,672.171560511929,0.33980582524271846,3.0313479877212672,0.3883495145631068,2.565053979169975,0.3592233009708738,2.207413650253444,0.5886075949367089,0.9098360655737705,0.5454545454545454,0.1,1.0,42,fedprox,0.0
alpha0.1_mu1.0_seed42_fedprox_straggler0.0,6,0.42718446601941745,1.9968319841958944,0.12818135273058823,421.19572526882183,673.8370381028838,0.30097087378640774,2.818844818374486,0.4174757281553398,2.5274917570132653,0.3786407766990291,2.1791339152067613,0.7088607594936709,0.8565573770491803,0.7272727272727273,0.1,1.0,42,fedprox,0.0
alpha0.1_mu1.0_seed42_fedprox_straggler0.0,7,0.39805825242718446,2.180318290747485,0.11098062508788069,422.52190868935764,669.6692588704262,0.3883495145631068,2.575571120363995,0.42718446601941745,3.029759916287024,0.4077669902912621,1.9162597100711563,0.689873417721519,0.9426229508196722,0.6363636363636364,0.1,1.0,42,fedprox,0.0
alpha0.1_mu1.0_seed42_fedprox_straggler0.0,8,0.44660194174757284,2.0659779784748857,0.12787721363695384,420.5112705943368,670.3096933907683,0.33980582524271846,2.5226637599537676,0.44660194174757284,2.9302528946145068,0.4368932038834951,1.969134779809748,0.7151898734177216,0.9139344262295082,0.7272727272727273,0.1,1.0,42,fedprox,0.0
alpha0.1_mu1.0_seed42_fedprox_straggler0.0,9,0.3786407766990291,2.2275560064223208,0.08787576761101985,420.7470204878823,674.8837890103945,0.36893203883495146,2.9433616943729732,0.4174757281553398,2.9764999787784316,0.44660194174757284,2.0804308641304092,0.7721518987341772,0.9754098360655737,0.7272727272727273,0.1,1.0,42,fedprox,0.0
alpha0.1_mu1.0_seed42_fedprox_straggler0.0,10,0.4368932038834951,2.056194772998106,0.08448339014420343,437.7873543458857,678.0267124978279,0.2912621359223301,2.957993493496793,0.46601941747572817,2.5415466896538597,0.4174757281553398,2.169621724526859,0.7721518987341772,0.9672131147540983,0.6363636363636364,0.1,1.0,42,fedprox,0.0
alpha0.3_mu0.1_seed42_fedprox_straggler0.0,1,0.33980582524271846,2.3296197178294356,0.5199031280472379,1300.4199013605828,1354.5261255410157,0.3106796116504854,2.8774742246831506,0.3592233009708738,2.734854276897838,0.3300970873786408,2.8102241812400446,0.4583333333333333,0.5634517766497462,0.4583333333333333,0.3,0.1,42,fedprox,0.0
alpha0.3_mu0.1_seed42_fedprox_straggler0.0,2,0.3883495145631068,2.192782323337296,0.3314677297873596,402.0615093070308,563.5008964104715,0.3883495145631068,2.5388778992069576,0.4174757281553398,2.742569599336791,0.39805825242718446,2.3321062361152425,0.5,0.7868020304568528,0.5916666666666667,0.3,0.1,42,fedprox,0.0
alpha0.3_mu0.1_seed42_fedprox_straggler0.0,3,0.42718446601941745,1.9884691585614844,0.2506148628026953,406.77004940814777,567.5757684524568,0.3592233009708738,3.296034854592629,0.4174757281553398,2.5994564861927216,0.4563106796116505,2.2783229837139833,0.6458333333333334,0.868020304568528,0.7,0.3,0.1,42,fedprox,0.0
alpha0.3_mu0.1_seed42_fedprox_straggler0.0,4,0.39805825242718446,2.0732836144641764,0.2117585267241807,404.41278583168975,556.071657350323,0.4174757281553398,2.783981295465266,0.3883495145631068,2.597884631851344,0.5048543689320388,2.145477204646879,0.6458333333333334,0.9187817258883249,0.75,0.3,0.1,42,fedprox,0.0
alpha0.3_mu0.1_seed42_fedprox_straggler0.0,5,0.4563106796116505,2.074486908403415,0.1840693610441412,410.1872125867288,566.843231986333,0.3883495145631068,2.683766323385887,0.4368932038834951,2.8916705650033303,0.5145631067961165,2.1077428049254188,0.53125,0.9593908629441624,0.7916666666666666,0.3,0.1,42,fedprox,0.0
alpha0.3_mu0.1_seed42_fedprox_straggler0.0,6,0.4854368932038835,2.1534730624226692,0.09688874843785907,414.16809217941045,569.7354497390705,0.42718446601941745,2.8435475988295473,0.4174757281553398,3.1094120266368086,0.42718446601941745,2.421263657727288,0.5833333333333334,0.9543147208121827,0.8333333333333334,0.3,0.1,42,fedprox,0.0
alpha0.3_mu0.1_seed42_fedprox_straggler0.0,7,0.47572815533980584,1.963335187689772,0.08623587746196519,412.50746126531635,552.9763606589441,0.4368932038834951,2.8451457486569303,0.49514563106796117,2.6733741713959036,0.39805825242718446,2.3659774771014463,0.59375,0.9644670050761421,0.8333333333333334,0.3,0.1,42,fedprox,0.0
alpha0.3_mu0.1_seed42_fedprox_straggler0.0,8,0.5242718446601942,2.1617966300075495,0.08734979226273755,410.0962545738666,568.5373185852942,0.4077669902912621,3.2140965091372,0.46601941747572817,3.1144590146333266,0.44660194174757284,2.2855758713287058,0.59375,0.9796954314720813,0.8083333333333333,0.3,0.1,42,fedprox,0.0
alpha0.3_mu0.1_seed42_fedprox_straggler0.0,9,0.47572815533980584,1.9980751519064301,0.06959624270008105,416.5961615819029,554.8181918599279,0.4174757281553398,3.653061695469236,0.46601941747572817,2.780212541228359,0.4368932038834951,2.7770178757824944,0.7708333333333334,0.9746192893401016,0.925,0.3,0.1,42,fedprox,0.0
alpha0.3_mu0.1_seed42_fedprox_straggler0.0,10,0.42718446601941745,2.029972831022392,0.07344430643395804,416.77283287341066,565.5937221280803,0.4174757281553398,2.8876496564994736,0.49514563106796117,2.818049227149741,0.3883495145631068,2.5357743976185625,0.7395833333333334,0.9746192893401016,0.8833333333333333,0.3,0.1,42,fedprox,0.0
alpha0.3_mu1.0_seed42_fedprox_straggler0.0,1,0.33980582524271846,2.394516854610258,0.5825905825541441,1300.104466279091,1353.9691690586674,0.3106796116504854,2.8589949885618338,0.3592233009708738,2.745538827285026,0.3300970873786408,2.770299061988164,0.4479166666666667,0.5177664974619289,0.45,0.3,1.0,42,fedprox,0.0
alpha0.3_mu1.0_seed42_fedprox_straggler0.0,2,0.3883495145631068,2.2178116284527825,0.3778677481475081,399.29365097455076,560.5234496720391,0.39805825242718446,2.460853164635816,0.4077669902912621,2.705469552753041,0.3786407766990291,2.318185468321865,0.5208333333333334,0.7461928934010152,0.575,0.3,1.0,42,fedprox,0.0
alpha0.3_mu1.0_seed42_fedprox_straggler0.0,3,0.3786407766990291,2.0245354268157367,0.29810399665957915,402.4791414528509,561.3330033409597,0.34951456310679613,3.051136639511701,0.4077669902912621,2.4669289635223093,0.4368932038834951,2.229347495199407,0.6458333333333334,0.8274111675126904,0.6916666666666667,0.3,1.0,42,fedprox,0.0
alpha0.3_mu1.0_seed42_fedprox_straggler0.0,4,0.4174757281553398,2.081097220911563,0.24309568043963148,402.14657037455714,552.6077122906281,0.42718446601941745,2.6816100750154663,0.4174757281553398,2.508085306408336,0.44660194174757284,2.1064453402769217,0.65625,0.8578680203045685,0.75,0.3,1.0,42,fedprox,0.0
alpha0.3_mu1.0_seed42_fedprox_straggler0.0,5,0.4174757281553398,1.9427880291799897,0.2266142958019809,404.2276295310298,557.6794601838616,0.3883495145631068,2.4837185017113548,0.4563106796116505,2.394352250886195,0.5242718446601942,2.1145858510026656,0.6145833333333334,0.9289340101522843,0.7916666666666666,0.3,1.0,42,fedprox,0.0
alpha0.3_mu1.0_seed42_fedprox_straggler0.0,6,0.4563106796116505,1.9898250056701956,0.13733928556505695,402.74114122439386,555.677407889959,0.4077669902912621,2.5732458586831695,0.42718446601941745,2.595665107652979,0.4174757281553398,2.2480670410452537,0.59375,0.934010152284264,0.8416666666666667,0.3,1.0,42,fedprox,0.0
alpha0.3_mu1.0_seed42_fedprox_straggler0.0,7,0.46601941747572817,1.8688108666429242,0.11082054403725039,400.1745624875384,545.6695632071938,0.4368932038834951,2.4325884244974376,0.4854368932038835,2.293243199876211,0.3883495145631068,2.2801221018856013,0.6041666666666666,0.934010152284264,0.8583333333333333,0.3,1.0,42,fedprox,0.0
alpha0.3_mu1.0_seed42_fedprox_straggler0.0,8,0.5048543689320388,1.9943014672658976,0.11855952682788289,409.6249540055673,551.178537291806,0.42718446601941745,2.816157331744444,0.44660194174757284,2.5692026684585128,0.4368932038834951,2.1285311481327684,0.6979166666666666,0.949238578680203,0.8416666666666667,0.3,1.0,42,fedprox,0.0
alpha0.3_mu1.0_seed42_fedprox_straggler0.0,9,0.4563106796116505,1.9675854294045458,0.06779256699138882,404.8025245920135,546.9412792002505,0.3883495145631068,3.199481158580595,0.46601941747572817,2.4764984556772176,0.4368932038834951,2.5552338396461263,0.7708333333333334,0.9441624365482234,0.9333333333333333,0.3,1.0,42,fedprox,0.0
alpha0.3_mu1.0_seed42_fedprox_straggler0.0,10,0.3786407766990291,2.002195895296856,0.09104364632199573,403.3996575345704,545.0486599783405,0.44660194174757284,2.7701918314961556,0.42718446601941745,2.308484258003605,0.4077669902912621,2.5125807118647305,0.7708333333333334,0.9695431472081218,0.925,0.3,1.0,42,fedprox,0.0
alpha1.0_mu0.0_seed42_fedavg_straggler0.0,1,0.4368932038834951,2.0599618235838064,0.656784664950625,1309.6441995281104,1404.039861012966,0.3883495145631068,2.610887425617107,0.3106796116504854,2.728983318921432,0.4174757281553398,2.2930041146509854,0.4485981308411215,0.48936170212765956,0.6745283018867925,1.0,0.0,42,fedavg,0.0
alpha1.0_mu0.0_seed42_fedavg_straggler0.0,2,0.3883495145631068,2.085881020258931,0.5752818761734771,433.9722050228466,611.7700927627661,0.42718446601941745,2.271160255358057,0.4368932038834951,2.1496875887935603,0.33980582524271846,2.357194032483888,0.5233644859813084,0.5106382978723404,0.8066037735849056,1.0,0.0,42,fedavg,0.0
alpha1.0_mu0.0_seed42_fedavg_straggler0.0,3,0.4174757281553398,2.0860301406638135,0.2389611011183679,436.6120083814003,601.6973315132857,0.39805825242718446,2.332862571605201,0.36893203883495146,2.283290784335831,0.4077669902912621,2.4069905095887414,0.7009345794392523,0.7340425531914894,0.8962264150943396,1.0,0.0,42,fedavg,0.0
alpha1.0_mu0.0_seed42_fedavg_straggler0.0,4,0.4563106796116505,1.9286137043851093,0.19599865580618628,415.3161479787072,602.1656601014421,0.42718446601941745,2.2678774028148467,0.4854368932038835,2.204994738680645,0.4368932038834951,2.236845345173067,0.7102803738317757,0.6914893617021277,0.9716981132075472,1.0,0.0,42,fedavg,0.0
alpha1.0_mu0.0_seed42_fedavg_straggler0.0,5,0.4368932038834951,1.8717291216248448,0.1396695387428867,413.82031530146895,591.2076613199426,0.4368932038834951,1.9768630439795336,0.46601941747572817,2.0422303259951398,0.4368932038834951,2.1644082324018754,0.7102803738317757,0.7127659574468085,0.9622641509433962,1.0,0.0,42,fedavg,0.0
alpha1.0_mu0.0_seed42_fedavg_straggler0.0,6,0.4368932038834951,1.9928439080136493,0.11177446874565926,406.56399128932395,589.8916041294746,0.4368932038834951,2.3896838924259813,0.47572815533980584,2.237825324234453,0.47572815533980584,2.3271359054787646,0.7663551401869159,0.8404255319148937,0.9811320754716981,1.0,0.0,42,fedavg,0.0
alpha1.0_mu0.0_seed42_fedavg_straggler0.0,7,0.44660194174757284,1.9928214272249092,0.08724159817539452,414.8282355773088,602.9468913146802,0.46601941747572817,2.519113938785294,0.47572815533980584,2.494817293963386,0.4368932038834951,2.362403964533389,0.8598130841121495,0.7872340425531915,0.9858490566037735,1.0,0.0,42,fedavg,0.0
alpha1.0_mu0.0_seed42_fedavg_straggler0.0,8,0.39805825242718446,2.0059582214911007,0.04941671596754502,410.6345920647638,590.1017844342693,0.4368932038834951,2.4409809992151352,0.46601941747572817,3.206164133201525,0.42718446601941745,2.3361085525994163,0.8411214953271028,0.8404255319148937,0.9905660377358491,1.0,0.0,42,fedavg,0.0
alpha1.0_mu0.0_seed42_fedavg_straggler0.0,9,0.44660194174757284,2.197760035690752,0.04305393267371239,417.17701239910895,588.3140113481936,0.4368932038834951,2.6442556797879413,0.4174757281553398,2.963540354978691,0.47572815533980584,2.430353248003617,0.9065420560747663,0.8404255319148937,0.9952830188679245,1.0,0.0,42,fedavg,0.0
alpha1.0_mu0.0_seed42_fedavg_straggler0.0,10,0.47572815533980584,2.081347933093321,0.08166774626996846,416.58802396579176,596.4333643402933,0.39805825242718446,2.604098241306046,0.44660194174757284,2.9158162515140273,0.49514563106796117,2.271379473139939,0.897196261682243,0.9574468085106383,0.9905660377358491,1.0,0.0,42,fedavg,0.0
alpha1.0_mu0.1_seed42_fedprox_straggler0.0,1,0.4368932038834951,2.0624305391774596,0.6621694525377458,1309.4662051892667,1403.629230578115,0.3883495145631068,2.6114155389730214,0.3106796116504854,2.721885153390829,0.4174757281553398,2.2918632099929366,0.4485981308411215,0.4787234042553192,0.6792452830188679,1.0,0.1,42,fedprox,0.0
alpha1.0_mu0.1_seed42_fedprox_straggler0.0,2,0.3786407766990291,2.089334064316981,0.5821128173436776,433.1380536152829,610.1874901533563,0.4368932038834951,2.2709985797845045,0.4368932038834951,2.1428104997838586,0.3592233009708738,2.3502707388794537,0.5233644859813084,0.5,0.8018867924528302,1.0,0.1,42,fedprox,0.0
alpha1.0_mu0.1_seed42_fedprox_straggler0.0,3,0.4174757281553398,2.0929312057865475,0.2431290128607515,435.369332299894,599.9428401916708,0.3883495145631068,2.3344924704542436,0.3786407766990291,2.2940824471631096,0.4077669902912621,2.395918927146393,0.7009345794392523,0.7340425531914894,0.8867924528301887,1.0,0.1,42,fedprox,0.0
alpha1.0_mu0.1_seed42_fedprox_straggler0.0,4,0.4368932038834951,1.9332771810513099,0.20078012307953927,415.0175386525281,601.5946563745858,0.4368932038834951,2.2705215481878485,0.46601941747572817,2.1937172158250533,0.4368932038834951,2.2328737268170107,0.719626168224299,0.6914893617021277,0.9669811320754716,1.0,0.1,42,fedprox,0.0
alpha1.0_mu0.1_seed42_fedprox_straggler0.0,5,0.42718446601941745,1.877505952872119,0.14084421390507232,412.954595130422,589.9012243338849,0.4174757281553398,1.9678398220284472,0.4563106796116505,2.038656537972608,0.4368932038834951,2.162845907859432,0.7102803738317757,0.7021276595744681,0.9622641509433962,1.0,0.1,42,fedprox,0.0
alpha1.0_mu0.1_seed42_fedprox_straggler0.0,6,0.4368932038834951,1.9872842876656542,0.11177906909109357,406.0422671188253,588.9053757679467,0.4174757281553398,2.3770370089892046,0.4854368932038835,2.207074410707048,0.47572815533980584,2.310883915540084,0.7570093457943925,0.8404255319148937,0.9858490566037735,1.0,0.1,42,fedprox,0.0
alpha1.0_mu0.1_seed42_fedprox_straggler0.0,7,0.44660194174757284,1.9870431006533429,0.08759741166182587,412.6644675818582,599.0002092693276,0.46601941747572817,2.51627023474684,0.4854368932038835,2.431524846160296,0.4368932038834951,2.3527517226135846,0.8598130841121495,0.7872340425531915,0.9811320754716981,1.0,0.1,42,fedprox,0.0
alpha1.0_mu0.1_seed42_fedprox_straggler0.0,8,0.3883495145631068,1.9966628597778024,0.05135500634476107,410.20192675696745,587.4563697146687,0.4368932038834951,2.4351546556046864,0.46601941747572817,3.1523081585041526,0.42718446601941745,2.3266191089037553,0.8317757009345794,0.8404255319148937,0.9905660377358491,1.0,0.1,42,fedprox,0.0
alpha1.0_mu0.1_seed42_fedprox_straggler0.0,9,0.42718446601941745,2.1942359359518995,0.04629951962537982,415.3644915390193,587.1633912767952,0.44660194174757284,2.6195031832722786,0.42718446601941745,2.888009895398779,0.4563106796116505,2.40989164704258,0.9065420560747663,0.8404255319148937,0.9952830188679245,1.0,0.1,42,fedprox,0.0
alpha1.0_mu0.1_seed42_fedprox_straggler0.0,10,0.46601941747572817,2.0517816080630404,0.08150577100257585,415.6605284522199,594.8723049610732,0.3883495145631068,2.547252534662636,0.44660194174757284,2.919317296407755,0.5145631067961165,2.2301012821567867,0.8878504672897196,0.9574468085106383,0.9905660377358491,1.0,0.1,42,fedprox,0.0
alpha1.0_mu1.0_seed42_fedprox_straggler0.0,1,0.4368932038834951,2.098731656676357,0.7224870129721328,1308.8891977483174,1402.4004230742376,0.36893203883495146,2.613103380481016,0.32038834951456313,2.6800372716292595,0.4174757281553398,2.2709644743539754,0.4485981308411215,0.44680851063829785,0.6320754716981132,1.0,1.0,42,fedprox,0.0
alpha1.0_mu1.0_seed42_fedprox_straggler0.0,2,0.36893203883495146,2.1154632614654245,0.6416908133380431,425.9424232820182,598.9679240321528,0.4368932038834951,2.2759693293895538,0.44660194174757284,2.119385541064068,0.33980582524271846,2.346233254497491,0.4953271028037383,0.5,0.7688679245283019,1.0,1.0,42,fedprox,0.0
alpha1.0_mu1.0_seed42_fedprox_straggler0.0,3,0.4077669902912621,2.129087628670109,0.2882985037421553,426.1097449106121,589.028927966674,0.39805825242718446,2.36854438874328,0.3883495145631068,2.2946460825725667,0.3883495145631068,2.33124550800879,0.7009345794392523,0.6914893617021277,0.8679245283018868,1.0,1.0,42,fedprox,0.0
alpha1.0_mu1.0_seed42_fedprox_straggler0.0,4,0.42718446601941745,1.995549363997376,0.2470495535031957,412.2749455712745,597.780201960894,0.44660194174757284,2.3001183120949755,0.4563106796116505,2.158036917158701,0.42718446601941745,2.2689768828234627,0.6915887850467289,0.7127659574468085,0.9433962264150944,1.0,1.0,42,fedprox,0.0
alpha1.0_mu1.0_seed42_fedprox_straggler0.0,5,0.4174757281553398,1.9256723552074246,0.1634352675069122,408.27464092258646,582.6185831067893,0.4368932038834951,1.965573125672572,0.4368932038834951,2.0330946468612523,0.3883495145631068,2.1415642418907685,0.7289719626168224,0.6595744680851063,0.9386792452830188,1.0,1.0,42,fedprox,0.0
alpha1.0_mu1.0_seed42_fedprox_straggler0.0,6,0.4174757281553398,1.9203647178353616,0.13509748948923334,403.3622092124945,583.5103030477785,0.3883495145631068,2.2495527846141927,0.4563106796116505,2.0308745277738107,0.4174757281553398,2.1420228296113244,0.7663551401869159,0.8085106382978723,0.9716981132075472,1.0,1.0,42,fedprox,0.0
alpha1.0_mu1.0_seed42_fedprox_straggler0.0,7,0.4563106796116505,1.9244958173881457,0.10722698701797036,401.02837444061424,579.6474692569194,0.4368932038834951,2.395972529661308,0.5048543689320388,2.149260055671618,0.4077669902912621,2.202967768733941,0.8504672897196262,0.776595744680851,0.9811320754716981,1.0,1.0,42,fedprox,0.0
alpha1.0_mu1.0_seed42_fedprox_straggler0.0,8,0.39805825242718446,1.9229527746589439,0.0716770914471042,402.7055381328793,581.2338414199476,0.49514563106796117,2.274863997709404,0.47572815533980584,2.804161525467067,0.44660194174757284,2.1673921242500973,0.8504672897196262,0.851063829787234,0.9905660377358491,1.0,1.0,42,fedprox,0.0
alpha1.0_mu1.0_seed42_fedprox_straggler0.0,9,0.3786407766990291,2.0869501076855705,0.07403065704439749,407.9936685201133,580.1236988538255,0.42718446601941745,2.360788241173457,0.46601941747572817,2.660152775570027,0.3883495145631068,2.2553927921554418,0.9065420560747663,0.8297872340425532,0.9811320754716981,1.0,1.0,42,fedprox,0.0
alpha1.0_mu1.0_seed42_fedprox_straggler0.0,10,0.42718446601941745,1.956455851064145,0.08601376985114091,405.5692762480638,588.3739440479985,0.42718446601941745,2.3247499604826993,0.44660194174757284,2.6245720247620516,0.4854368932038835,2.098882568692698,0.8878504672897196,0.9468085106382979,0.9811320754716981,1.0,1.0,42,fedprox,0.0
alpha0.3_mu0.0_seed123_fedavg_straggler0.0,1,0.3592233009708738,2.1033739916329246,0.6101953184202701,1284.6881899407174,1458.9708641051384,0.4368932038834951,2.080939603083342,0.30097087378640774,4.462789750793605,0.22330097087378642,2.9486034934960523,0.6654804270462633,0.18461538461538463,0.582089552238806,0.3,0.0,123,fedavg,0.0
alpha0.3_mu0.0_seed123_fedavg_straggler0.0,2,0.5339805825242718,1.809185833606905,0.32429705110310375,462.9587539523977,807.3182303292804,0.5631067961165048,2.1683676752071936,0.36893203883495146,3.1236561953442767,0.32038834951456313,3.641987772821223,0.8505338078291815,0.13846153846153847,0.5522388059701493,0.3,0.0,123,fedavg,0.0
alpha0.3_mu0.0_seed123_fedavg_straggler0.0,3,0.5145631067961165,1.679007828814312,0.16906028934852083,470.9589238304167,792.1492624352235,0.5436893203883495,1.915121466210745,0.32038834951456313,2.729881258844172,0.4174757281553398,2.9372226451207135,0.9181494661921709,0.13846153846153847,0.6417910447761194,0.3,0.0,123,fedavg,0.0
alpha0.3_mu0.0_seed123_fedavg_straggler0.0,4,0.4563106796116505,1.7519618295928807,0.18078618517653752,459.93482354081107,794.1411192289468,0.47572815533980584,2.0312262819808664,0.30097087378640774,3.073012862390685,0.3883495145631068,2.7507520161786125,0.9679715302491103,0.26153846153846155,0.5970149253731343,0.3,0.0,123,fedavg,0.0
alpha0.3_mu0.0_seed123_fedavg_straggler0.0,5,0.5533980582524272,1.9822732754124022,0.1664388208309151,457.2807001474348,789.3793033243644,0.6019417475728155,2.556363110403413,0.30097087378640774,3.348213341629621,0.4368932038834951,2.7999263967125163,0.9857651245551602,0.18461538461538463,0.6567164179104478,0.3,0.0,123,fedavg,0.0
alpha0.3_mu0.0_seed123_fedavg_straggler0.0,6,0.5242718446601942,2.1539840524636427,0.1444216851537012,455.0567444604507,796.0680703695581,0.5533980582524272,2.6701136399241325,0.34951456310679613,3.388030035981854,0.44660194174757284,2.7684874719786414,0.9928825622775801,0.2153846153846154,0.7164179104477612,0.3,0.0,123,fedavg,0.0
alpha0.3_mu0.0_seed123_fedavg_straggler0.0,7,0.5825242718446602,2.0120996479849214,0.1343876337206235,457.57923312585484,793.6412810243245,0.5728155339805825,2.4631240900280407,0.32038834951456313,3.559772514602513,0.3883495145631068,3.0544061382997385,0.9857651245551602,0.26153846153846155,0.6716417910447762,0.3,0.0,123,fedavg,0.0
alpha0.3_mu0.0_seed123_fedavg_straggler0.0,8,0.5533980582524272,1.8874345624331132,0.10785999261349759,451.21118349583566,796.9535039636678,0.6116504854368932,2.130945514706732,0.36893203883495146,3.2353253642332205,0.46601941747572817,2.8684504194167055,0.9928825622775801,0.3384615384615385,0.746268656716418,0.3,0.0,123,fedavg,0.0
alpha0.3_mu0.0_seed123_fedavg_straggler0.0,9,0.5533980582524272,1.909239420613039,0.07463309097828785,454.97107739880397,790.1342216930911,0.5436893203883495,2.215138099725964,0.2912621359223301,3.8306809929968084,0.46601941747572817,2.7541115515440415,1.0,0.23076923076923078,0.7014925373134329,0.3,0.0,123,fedavg,0.0
alpha0.3_mu0.0_seed123_fedavg_straggler0.0,10,0.49514563106796117,2.1044566064204986,0.0358577519591113,459.59886927118083,789.5234337014584,0.5048543689320388,2.6937243498644783,0.3786407766990291,3.5202283743515754,0.4563106796116505,3.0718346984641065,0.99644128113879,0.26153846153846155,0.7014925373134329,0.3,0.0,123,fedavg,0.0
alpha0.3_mu0.0_seed777_fedavg_straggler0.0,1,0.3592233009708738,2.1791511577309914,0.4516809561152802,1301.3247368229074,1366.4556275115576,0.2815533980582524,3.7972683721375695,0.3883495145631068,2.4972917269734505,0.34951456310679613,2.4645735199011645,0.32857142857142857,0.5,0.6589595375722543,0.3,0.0,777,fedavg,0.0
alpha0.3_mu0.0_seed777_fedavg_straggler0.0,2,0.3592233009708738,1.966443536351028,0.26713257238091076,449.2498813343165,549.9697853326528,0.32038834951456313,4.667024705016497,0.36893203883495146,2.474320723015128,0.4077669902912621,2.6199613010999068,0.4714285714285714,0.6,0.791907514450867,0.3,0.0,777,fedavg,0.0
alpha0.3_mu0.0_seed777_fedavg_straggler0.0,3,0.3786407766990291,2.0547516207093173,0.22995271293980146,433.9525511845325,505.43618166944407,0.3300970873786408,3.765984586141642,0.4077669902912621,2.309497797373429,0.4077669902912621,2.748351532278709,0.45714285714285713,0.63,0.7572254335260116,0.3,0.0,777,fedavg,0.0
alpha0.3_mu0.0_seed777_fedavg_straggler0.0,4,0.42718446601941745,1.9019434891858147,0.11272049065797489,455.4452591234153,556.1450282073235,0.3300970873786408,4.336334742388679,0.42718446601941745,2.705263636644604,0.4077669902912621,2.3769154618087325,0.5642857142857143,0.75,0.7803468208092486,0.3,0.0,777,fedavg,0.0
alpha0.3_mu0.0_seed777_fedavg_straggler0.0,5,0.47572815533980584,1.8377793390774033,0.07386300705003374,449.3919777853034,550.8588330799149,0.32038834951456313,4.173450645891208,0.47572815533980584,2.616349245738057,0.46601941747572817,2.55323283417711,0.6071428571428571,0.81,0.9190751445086706,0.3,0.0,777,fedavg,0.0
alpha0.3_mu0.0_seed777_fedavg_straggler0.0,6,0.4563106796116505,1.9243269846277329,0.0836381241729603,455.3009661583996,560.3023729128018,0.3106796116504854,5.147592836213343,0.4854368932038835,2.4948840361197018,0.4368932038834951,2.513854362432239,0.6357142857142857,0.88,0.884393063583815,0.3,0.0,777,fedavg,0.0
alpha0.3_mu0.0_seed777_fedavg_straggler0.0,7,0.4563106796116505,2.032297233933384,0.06590983971603218,466.344084001372,554.8118560378927,0.34951456310679613,4.142928016995921,0.4368932038834951,2.8072765081831554,0.44660194174757284,2.7474298708647202,0.55,0.88,0.861271676300578,0.3,0.0,777,fedavg,0.0
alpha0.3_mu0.0_seed777_fedavg_straggler0.0,8,0.39805825242718446,2.145669166324208,0.045403777351983275,454.6326062940745,513.2342529236876,0.33980582524271846,4.875200359566698,0.4563106796116505,2.6306771977433883,0.39805825242718446,3.426020960205967,0.6142857142857143,0.92,0.9479768786127167,0.3,0.0,777,fedavg,0.0
alpha0.3_mu0.0_seed777_fedavg_straggler0.0,9,0.46601941747572817,2.120861416881524,0.02906477002376737,490.3650396990142,567.6223247053531,0.36893203883495146,4.275465238441542,0.33980582524271846,3.1373153658746515,0.47572815533980584,3.1827604492891184,0.6571428571428571,0.88,0.9421965317919075,0.3,0.0,777,fedavg,0.0
alpha0.3_mu0.0_seed777_fedavg_straggler0.0,10,0.42718446601941745,1.9108876302404312,0.023427843567027647,472.3871142643715,554.9581031627719,0.34951456310679613,4.779949790065729,0.3786407766990291,2.9087537631247806,0.47572815533980584,3.0139544195341834,0.65,0.93,0.9132947976878613,0.3,0.0,777,fedavg,0.0
alpha0.3_mu0.1_seed123_fedprox_straggler0.0,1,0.33980582524271846,2.12122358164741,0.6179032333188261,1284.6867985952692,1459.013182862093,0.42718446601941745,2.083664185792497,0.2912621359223301,4.4514663543515995,0.22330097087378642,2.9462754263461215,0.6619217081850534,0.18461538461538463,0.5671641791044776,0.3,0.1,123,fedprox,0.0
alpha0.3_mu0.1_seed123_fedprox_straggler0.0,2,0.5339805825242718,1.810037266860888,0.3292715680446175,463.5261073449137,807.4043907729035,0.5533980582524272,2.147230178407095,0.36893203883495146,3.1182868237634307,0.32038834951456313,3.6396150959348215,0.8505338078291815,0.13846153846153847,0.5522388059701493,0.3,0.1,123,fedprox,0.0
alpha0.3_mu0.1_seed123_fedprox_straggler0.0,3,0.5145631067961165,1.6821703922401354,0.16982246785003138,471.08518213613723,790.5347211529335,0.5436893203883495,1.8878882151205563,0.33980582524271846,2.7133019132521548,0.4174757281553398,2.9318545489635284,0.9145907473309609,0.2,0.6417910447761194,0.3,0.1,123,fedprox,0.0
alpha0.3_mu0.1_seed123_fedprox_straggler0.0,4,0.44660194174757284,1.7237614011301579,0.18309966819458615,459.371785230885,792.1610705445258,0.47572815533980584,1.9913480154518943,0.3106796116504854,3.0771898968705855,0.3786407766990291,2.7303856020992243,0.9644128113879004,0.26153846153846155,0.5671641791044776,0.3,0.1,123,fedprox,0.0
alpha0.3_mu0.1_seed123_fedprox_straggler0.0,5,0.5533980582524272,1.9314391184779047,0.16814608830617525,458.52277464171,788.8458982469591,0.5922330097087378,2.4566321396133275,0.30097087378640774,3.31814874954594,0.42718446601941745,2.7331959854051906,0.9857651245551602,0.18461538461538463,0.6417910447761194,0.3,0.1,123,fedprox,0.0
alpha0.3_mu0.1_seed123_fedprox_straggler0.0,6,0.5339805825242718,2.0529326906481993,0.14649878851095685,454.1293280892202,791.076881202083,0.5922330097087378,2.4459509872695775,0.33980582524271846,3.416335862817116,0.4368932038834951,2.7856688892957076,0.9893238434163701,0.27692307692307694,0.7611940298507462,0.3,0.1,123,fedprox,0.0
alpha0.3_mu0.1_seed123_fedprox_straggler0.0,7,0.5533980582524272,1.991459734231523,0.12843188549578452,457.03882513573785,789.8589749105116,0.5631067961165048,2.427079235465781,0.32038834951456313,3.509262117367346,0.3883495145631068,3.173284442679396,0.9893238434163701,0.27692307692307694,0.746268656716418,0.3,0.1,123,fedprox,0.0
alpha0.3_mu0.1_seed123_fedprox_straggler0.0,8,0.5631067961165048,1.8726532632864794,0.09008734267220551,454.12208368025614,786.8579440784422,0.5922330097087378,2.1043353277502708,0.3786407766990291,3.1594294598959025,0.44660194174757284,2.8869487568012717,0.9822064056939501,0.35384615384615387,0.7014925373134329,0.3,0.1,123,fedprox,0.0
alpha0.3_mu0.1_seed123_fedprox_straggler0.0,9,0.5436893203883495,1.9137717589591314,0.06186643201095171,459.6441357866399,781.257616917586,0.5339805825242718,2.2276443914302346,0.33980582524271846,3.740588556215601,0.42718446601941745,2.902875168809613,0.99644128113879,0.3230769230769231,0.7014925373134329,0.3,0.1,123,fedprox,0.0
alpha0.3_mu0.1_seed123_fedprox_straggler0.0,10,0.5339805825242718,1.958519706448305,0.03888218217523622,448.58674151967824,785.7222085863275,0.5533980582524272,2.3134526361539525,0.3592233009708738,3.4001565211027573,0.42718446601941745,2.9836070954220966,0.9928825622775801,0.3076923076923077,0.7313432835820896,0.3,0.1,123,fedprox,0.0
alpha0.3_mu0.1_seed777_fedprox_straggler0.0,1,0.3592233009708738,2.1838408859030713,0.45773296999588436,1301.2168128415815,1366.1599955741115,0.2815533980582524,3.775764377371779,0.3883495145631068,2.4961479034238647,0.34951456310679613,2.4562458691087743,0.32142857142857145,0.5,0.6589595375722543,0.3,0.1,777,fedprox,0.0
alpha0.3_mu0.1_seed777_fedprox_straggler0.0,2,0.3592233009708738,1.9651795706702668,0.2713903227376967,447.4658196636354,545.5720370561024,0.32038834951456313,4.585871395555515,0.36893203883495146,2.470340885004951,0.4077669902912621,2.586937212249608,0.4642857142857143,0.6,0.791907514450867,0.3,0.1,777,fedprox,0.0
alpha0.3_mu0.1_seed777_fedprox_straggler0.0,3,0.3786407766990291,2.0562308876259814,0.2354000490327475,433.33460533246983,503.4805850048736,0.3300970873786408,3.706934410391502,0.39805825242718446,2.3050340344604936,0.39805825242718446,2.729585557308012,0.45,0.64,0.7572254335260116,0.3,0.1,777,fedprox,0.0
alpha0.3_mu0.1_seed777_fedprox_straggler0.0,4,0.4174757281553398,1.9103269090930235,0.1161921683367072,452.56963875693583,548.8997829591043,0.3300970873786408,4.2339259860585035,0.42718446601941745,2.6984532029883375,0.4174757281553398,2.361744901508961,0.5642857142857143,0.74,0.7803468208092486,0.3,0.1,777,fedprox,0.0
alpha0.3_mu0.1_seed777_fedprox_straggler0.0,5,0.46601941747572817,1.836774680220965,0.07646074049656726,445.6894888707207,540.11618254754,0.3300970873786408,4.043843570264798,0.46601941747572817,2.6083085872594594,0.46601941747572817,2.518985287657062,0.5928571428571429,0.83,0.9132947976878613,0.3,0.1,777,fedprox,0.0
alpha0.3_mu0.1_seed777_fedprox_straggler0.0,6,0.44660194174757284,1.9141524740793172,0.08557357700148886,452.27144713075126,553.9069121159615,0.30097087378640774,4.963604056719437,0.47572815533980584,2.46735834149481,0.42718446601941745,2.5029254306867283,0.6142857142857143,0.89,0.8786127167630058,0.3,0.1,777,fedprox,0.0
alpha0.3_mu0.1_seed777_fedprox_straggler0.0,7,0.44660194174757284,2.0204025935200813,0.06769160397128789,461.34764216427783,545.6109648052156,0.34951456310679613,3.993793214409097,0.4368932038834951,2.7872292879715705,0.4174757281553398,2.734476422800601,0.5428571428571428,0.88,0.8728323699421965,0.3,0.1,777,fedprox,0.0
alpha0.3_mu0.1_seed777_fedprox_straggler0.0,8,0.39805825242718446,2.1451888825129535,0.04603344696869679,448.1660839189065,507.9568572709622,0.33980582524271846,4.731415484715434,0.4368932038834951,2.6241863584055483,0.4174757281553398,3.358692192336888,0.6071428571428571,0.92,0.9421965317919075,0.3,0.1,777,fedprox,0.0
alpha0.3_mu0.1_seed777_fedprox_straggler0.0,9,0.4563106796116505,2.1142019947755686,0.028651609056271437,485.70391187889646,561.4991456493757,0.36893203883495146,4.212169202786048,0.34951456310679613,3.088494555464069,0.47572815533980584,3.070064132653394,0.6571428571428571,0.89,0.9364161849710982,0.3,0.1,777,fedprox,0.0
alpha0.3_mu0.1_seed777_fedprox_straggler0.0,10,0.42718446601941745,1.9003351938377306,0.02392200061552813,463.97119613470005,543.830213619141,0.34951456310679613,4.554803977892237,0.39805825242718446,2.894230501165668,0.46601941747572817,2.8936356063027984,0.6428571428571429,0.94,0.9190751445086706,0.3,0.1,777,fedprox,0.0
alpha0.3_mu1.0_seed123_fedprox_straggler0.0,1,0.3300970873786408,2.2356323119506096,0.6953337728336706,1284.8135030852702,1459.2096287720149,0.4368932038834951,2.1027498013764907,0.2912621359223301,4.380432615002382,0.20388349514563106,2.9334177855149055,0.6120996441281139,0.23076923076923078,0.5671641791044776,0.3,1.0,123,fedprox,0.0
alpha0.3_mu1.0_seed123_fedprox_straggler0.0,2,0.47572815533980584,1.8385539922899412,0.38347236588238975,463.64537217795737,802.2665261850929,0.5436893203883495,2.03455988758976,0.3106796116504854,3.1139752691231886,0.32038834951456313,3.4866344211170976,0.8078291814946619,0.16923076923076924,0.582089552238806,0.3,1.0,123,fedprox,0.0
alpha0.3_mu1.0_seed123_fedprox_straggler0.0,3,0.46601941747572817,1.7466845489242702,0.18606107651832549,466.21140291243677,778.1558350605645,0.5048543689320388,1.838012221947457,0.36893203883495146,2.672348334951308,0.33980582524271846,2.8194641233647912,0.8469750889679716,0.24615384615384617,0.6268656716417911,0.3,1.0,123,fedprox,0.0
alpha0.3_mu1.0_seed123_fedprox_straggler0.0,4,0.4563106796116505,1.637815750918342,0.2246348229950996,451.4112120891178,785.4114665831395,0.5145631067961165,1.7664155011038178,0.2524271844660194,3.062406023729195,0.39805825242718446,2.6057686689987922,0.9430604982206405,0.3076923076923077,0.6417910447761194,0.3,1.0,123,fedprox,0.0
alpha0.3_mu1.0_seed123_fedprox_straggler0.0,5,0.5145631067961165,1.6778127186506697,0.19367082099843178,457.9454579132,777.3138403992515,0.5728155339805825,1.8443948377683326,0.3106796116504854,3.105583503408339,0.3300970873786408,2.5385739826461644,0.9359430604982206,0.2923076923076923,0.6417910447761194,0.3,1.0,123,fedprox,0.0
alpha0.3_mu1.0_seed123_fedprox_straggler0.0,6,0.5533980582524272,1.7432560399898047,0.15736940189524282,449.7826587316966,772.9445665644547,0.5533980582524272,1.8396570346887828,0.3300970873786408,3.126757367143353,0.4368932038834951,2.8057780358397846,0.9395017793594306,0.3076923076923077,0.746268656716418,0.3,1.0,123,fedprox,0.0
alpha0.3_mu1.0_seed123_fedprox_straggler0.0,7,0.5145631067961165,1.7591549239112336,0.10965560461956371,453.50284750036735,777.7471260487844,0.5533980582524272,1.9671321424465735,0.32038834951456313,3.196601381579649,0.42718446601941745,3.0242748399382657,0.9359430604982206,0.3384615384615385,0.7164179104477612,0.3,1.0,123,fedprox,0.0
alpha0.3_mu1.0_seed123_fedprox_straggler0.0,8,0.5631067961165048,1.7093058720375727,0.10103746636212847,445.9177313379914,778.5518604355519,0.5242718446601942,1.890544714279545,0.32038834951456313,3.070112804764683,0.4077669902912621,3.0727198424848536,0.9644128113879004,0.4307692307692308,0.8059701492537313,0.3,1.0,123,fedprox,0.0
alpha0.3_mu1.0_seed123_fedprox_straggler0.0,9,0.5631067961165048,1.7344533899455394,0.08357868789953883,451.21408360240554,769.9189134403483,0.5631067961165048,1.9753215694890438,0.30097087378640774,3.40820499068325,0.44660194174757284,2.957519022006433,0.9822064056939501,0.4307692307692308,0.8059701492537313,0.3,1.0,123,fedprox,0.0
alpha0.3_mu1.0_seed123_fedprox_straggler0.0,10,0.5436893203883495,1.6912636351816863,0.04915317446268608,451.3678256390154,778.7506050074742,0.5728155339805825,1.8869921952775381,0.3300970873786408,3.012842199177418,0.47572815533980584,2.4842658390119237,0.9857651245551602,0.35384615384615387,0.7761194029850746,0.3,1.0,123,fedprox,0.0
alpha0.3_mu1.0_seed777_fedprox_straggler0.0,1,0.3300970873786408,2.2300617069873994,0.5146955398780451,1300.4098452790693,1363.9725417097952,0.2815533980582524,3.6299316258106415,0.3883495145631068,2.4737114721131555,0.33980582524271846,2.420832235836288,0.3142857142857143,0.49,0.6069364161849711,0.3,1.0,777,fedprox,0.0
alpha0.3_mu1.0_seed777_fedprox_straggler0.0,2,0.36893203883495146,1.970755195154727,0.3127945544200719,435.68835759576086,516.8191555753854,0.32038834951456313,3.940240795172534,0.36893203883495146,2.501660211572369,0.39805825242718446,2.401529795915178,0.4,0.65,0.7514450867052023,0.3,1.0,777,fedprox,0.0
alpha0.3_mu1.0_seed777_fedprox_straggler0.0,3,0.3883495145631068,2.0638924941275882,0.28541946147731306,426.96298847901124,489.68930960928253,0.33980582524271846,3.2365583493871597,0.4368932038834951,2.2757918209705537,0.39805825242718446,2.5623279080807584,0.4142857142857143,0.65,0.7398843930635838,0.3,1.0,777,fedprox,0.0
alpha0.3_mu1.0_seed777_fedprox_straggler0.0,4,0.4077669902912621,1.9681831910772232,0.1487088935738063,433.6959884749061,502.1725091018037,0.33980582524271846,3.4765337462564116,0.44660194174757284,2.6112045026519923,0.3883495145631068,2.327839439355054,0.4785714285714286,0.73,0.8034682080924855,0.3,1.0,777,fedprox,0.0
alpha0.3_mu1.0_seed777_fedprox_straggler0.0,5,0.4368932038834951,1.8545619677571417,0.1166185596456329,425.80052693344516,486.13329744540255,0.36893203883495146,3.23108671706857,0.44660194174757284,2.5467537572082963,0.4854368932038835,2.3444568277562707,0.5714285714285714,0.83,0.884393063583815,0.3,1.0,777,fedprox,0.0
alpha0.3_mu1.0_seed777_fedprox_straggler0.0,6,0.4563106796116505,1.87896526669993,0.11376478236808474,433.35294465779424,509.93156485564276,0.32038834951456313,3.851743957371388,0.4368932038834951,2.3135825661779608,0.4563106796116505,2.3217099800850582,0.5857142857142857,0.89,0.8786127167630058,0.3,1.0,777,fedprox,0.0
alpha0.3_mu1.0_seed777_fedprox_straggler0.0,7,0.47572815533980584,1.9370630967964246,0.08608518280423183,432.85141245143797,497.0087641471294,0.33980582524271846,3.1486757102521876,0.4174757281553398,2.6799829330259155,0.4368932038834951,2.50210780773348,0.5285714285714286,0.87,0.9075144508670521,0.3,1.0,777,fedprox,0.0
alpha0.3_mu1.0_seed777_fedprox_straggler0.0,8,0.4368932038834951,2.0686914156941536,0.06695365843786341,420.28360418874007,482.3204022056398,0.3300970873786408,3.5926009613333396,0.46601941747572817,2.5297648258579586,0.4368932038834951,2.8202392846635242,0.5857142857142857,0.93,0.930635838150289,0.3,1.0,777,fedprox,0.0
alpha0.3_mu1.0_seed777_fedprox_straggler0.0,9,0.46601941747572817,2.0511357182437933,0.037247908815345225,447.984850584686,511.445364007663,0.36893203883495146,3.699003608481398,0.3883495145631068,2.7268209040743634,0.42718446601941745,2.620637176106277,0.65,0.89,0.9190751445086706,0.3,1.0,777,fedprox,0.0
alpha0.3_mu1.0_seed777_fedprox_straggler0.0,10,0.47572815533980584,1.907908870178519,0.03658257049661434,431.4728385574827,504.0661223573757,0.36893203883495146,3.4246007632283333,0.39805825242718446,2.6701752086287565,0.46601941747572817,2.386859997962285,0.6214285714285714,0.93,0.930635838150289,0.3,1.0,777,fedprox,0.0
